<?xml version="1.0" ?>
<config xmlns:xsi="http://www.w3.org/2001/XMLSchema-instance" xsi:noNamespaceSchemaLocation="urn:magento:framework:Acl/etc/acl.xsd">
	<acl>
		<resources>
			<resource id="Magento_Backend::admin">
				<resource id="BuyRite_Salesform::Salesform" title="Salesform" sortOrder="10">
					<resource id="BuyRite_Salesform::Salesform_save" title="Save Salesform" sortOrder="10"/>
					<resource id="BuyRite_Salesform::Salesform_delete" title="Delete Salesform" sortOrder="20"/>
					<resource id="BuyRite_Salesform::Salesform_update" title="Update Salesform" sortOrder="30"/>
					<resource id="BuyRite_Salesform::Salesform_view" title="View Salesform" sortOrder="40"/>
				</resource>
			</resource>
		</resources>
	</acl>
</config>
