{
    "buyrite_salesform": {
        "column": {
            "id": true,
            "first_name": true,
            "last_name": true,
            "email": true,
            "phone": true,
            "message": true,
            "status": true,
            "created_at": true,
            "state":true,
            "alt_phone": true,
            "city": true,
            "zip" : true,
            "saloon_operations": true,
            "lease": true,
            "project_opening": true



        },
        "index": {
            "BuyRite_SALESFORM_FIRST_NAME": true,
            "BuyRite_SALESFORM_LAST_NAME": true,
            "BuyRite_SALESFORM_EMAIL": true,
            "BuyRite_SALESFORM_IMAGE": true,
            "BuyRite_SALESFORM_STATE": true,
            "BuyRite_SALESFORM_ALT_PHONE": true,
            "BuyRite_SALESFORM_SALOON_OPERATIONS" : true,
            "BuyRite_SALESFORM_LEASE" : true,
            "BuyRite_SALESFORM_PROJECT_OPENING" : true,
            "BuyRite_SALESFORM_ZIP" : true,
            "BuyRite_SALESFORM_CITY" : true
        },
        "constraint": {
            "PRIMARY": true
        }
    }
}