<?xml version="1.0" ?>
<schema xmlns:xsi="http://www.w3.org/2001/XMLSchema-instance" xsi:noNamespaceSchemaLocation="urn:magento:framework:Setup/Declaration/Schema/etc/schema.xsd">
	<table name="buyrite_salesform" resource="default" engine="innodb" comment="BuyRite Salesform Table">
		<column xsi:type="smallint" name="id" padding="6" unsigned="true" nullable="false" identity="true" comment="ID"/>
		<constraint xsi:type="primary" referenceId="PRIMARY">
			<column name="id"/>
		</constraint>
		<column name="first_name" nullable="false" xsi:type="text" comment="First Name"/>
		<column name="last_name" nullable="false" xsi:type="text" comment="Last Name"/>
		<column name="email" nullable="false" xsi:type="text" comment="Email"/>
		<column name="phone" nullable="false" xsi:type="int" padding="10" default="0" identity="false" comment="Phone"/>
		<column name="message" nullable="true" xsi:type="text" comment="Message"/>
		<column name="state" nullable="true" xsi:type="text" comment="State"/>
		<column name="status" padding="11" unsigned="false" nullable="false" xsi:type="int" default="1" identity="false" comment="Salesform Status"/>
		<column name="alt_phone" nullable="true" xsi:type="text" comment="Alt Phone"/>
		<column name="created_at" nullable="false" xsi:type="datetime" comment="Created Date" default="CURRENT_TIMESTAMP"/>
		<column name="project_opening" nullable="true" xsi:type="text" comment="Project Opening"/>
		<column name="saloon_operations" nullable="false" xsi:type="text"  comment="Saloon Operation"/>
		<column name="lease" nullable="false" xsi:type="text" comment="Lease Status" />
		<column name="zip" nullable="false" xsi:type="text" comment="Zip Code" />
		<column name="city" nullable="false" xsi:type="text" comment="City " />
		
		<index referenceId="BuyRite_SALESFORM_FIRST_NAME" indexType="fulltext">
	        <column name="first_name"/>
	    </index>
	    <index referenceId="BuyRite_SALESFORM_LAST_NAME" indexType="fulltext">
	        <column name="last_name"/>
	    </index>
	    <index referenceId="BuyRite_SALESFORM_EMAIL" indexType="fulltext">
	        <column name="email"/>
	    </index>
	    <index referenceId="BuyRite_SALESFORM_MESSAGE" indexType="fulltext">
	        <column name="message"/>
	    </index>
	    <index referenceId="BuyRite_SALESFORM_ALT_PHONE" indexType="fulltext">
	        <column name="alt_phone"/>
	    </index>
		<index referenceId="BuyRite_SALESFORM_PROJECT_OPENING" indexType="fulltext">
	        <column name="project_opening"/>
	    </index>


		<index referenceId="BuyRite_SALESFORM_SALOON_OPERATIONS" indexType="fulltext">
	        <column name="saloon_operations"/>
	    </index>
		<index referenceId="BuyRite_SALESFORM_PROJECT_LEASE" indexType="fulltext">
	        <column name="lease"/>
	    </index>
		<index referenceId="BuyRite_SALESFORM_PROJECT_CITY" indexType="fulltext">
	        <column name="city"/>
	    </index>
		

		<index referenceId="BuyRite_SALESFORM_ZIP" indexType="fulltext">
	        <column name="zip" />
	    </index>
	</table>
</schema>
