<?xml version="1.0" ?>
<config xmlns:xsi="http://www.w3.org/2001/XMLSchema-instance" xsi:noNamespaceSchemaLocation="urn:magento:framework:ObjectManager/etc/config.xsd">
	<preference for="BuyRite\Salesform\Api\SalesformRepositoryInterface" type="BuyRite\Salesform\Model\SalesformRepository"/>
	<preference for="BuyRite\Salesform\Api\Data\SalesformInterface" type="BuyRite\Salesform\Model\Data\Salesform"/>
	<preference for="BuyRite\Salesform\Api\Data\SalesformSearchResultsInterface" type="Magento\Framework\Api\SearchResults"/>
	<virtualType name="BuyRite\Salesform\Model\ResourceModel\Salesform\Grid\Collection" type="Magento\Framework\View\Element\UiComponent\DataProvider\SearchResult">
		<arguments>
			<argument name="mainTable" xsi:type="string">buyrite_salesform</argument>
			<argument name="resourceModel" xsi:type="string">BuyRite\Salesform\Model\ResourceModel\Salesform\Collection</argument>
		</arguments>
	</virtualType>
	<type name="Magento\Framework\View\Element\UiComponent\DataProvider\CollectionFactory">
		<arguments>
			<argument name="collections" xsi:type="array">
				<item name="buyrite_salesform_listing_data_source" xsi:type="string">BuyRite\Salesform\Model\ResourceModel\Salesform\Grid\Collection</item>
			</argument>
		</arguments>
	</type>
	<virtualType name="BuyRite\Salesform\SalesformImageUpload" type="BuyRite\Salesform\Model\ImageUploader">
	    <arguments>
	            <argument name="baseTmpPath" xsi:type="string">buyrite/salesform/tmp</argument>
	            <argument name="basePath" xsi:type="string">buyrite/salesform</argument>
	            <argument name="allowedExtensions" xsi:type="array">
	                <item name="jpg" xsi:type="string">jpg</item>
	                <item name="jpeg" xsi:type="string">jpeg</item>
	                <item name="gif" xsi:type="string">gif</item>
	                <item name="png" xsi:type="string">png</item>
	            </argument>
	    </arguments>
	</virtualType>
	<type name="BuyRite\Salesform\Controller\Adminhtml\Salesform\FileUploader\Save">
	    <arguments>
	            <argument name="imageUploader" xsi:type="object">BuyRite\Salesform\SalesformImageUpload</argument>
	    </arguments>
	</type>
</config>
